<?xml version="1.0" encoding="UTF-8" ?>
<!DOCTYPE mapper
        PUBLIC "-//mybatis.org//DTD Mapper 3.0//EN"
        "https://mybatis.org/dtd/mybatis-3-mapper.dtd">
<mapper namespace="com.ft1.cycleApp.mapper.TagMapper">

    <resultMap id="TagEntityMap" type="com.ft1.cycleApp.entity.Tag">
        <!--match schema resouce differ from class atribute-->
        <id column="tag_id" property="tagId"></id>
        <result column="tag_name" property="tagName" />
        <result column="user_id" property="uid" />
    </resultMap>

    <resultMap id="TagNoteMap" type="com.ft1.cycleApp.entity.Tag">
        <!--match schema resouce differ from class atribute-->
        <id column="tag_id" property="tagId"></id>
        <result column="note_id" property="noteId" />
    </resultMap>

    <resultMap id="FindTagByUidMap" type="com.ft1.cycleApp.entity.Tag">
        <!--match schema resouce differ from class atribute-->
        <id column="user_id" property="uid"></id>
        <result column="tag_name" property="tagName" />
        <result column="tag_id" property="tagId" />
    </resultMap>

    <insert id="insertTag" useGeneratedKeys="true" keyProperty="tagId">
        INSERT INTO tag (
            user_id,
            tag_name
        ) VALUES (
            #{uid},
            #{tagName}
        )
    </insert>

    <delete id="deleteTag">
        DELETE FROM tag
        WHERE tag_id=${tagId}
    </delete>

    <select id="findTagByUid" resultMap="FindTagByUidMap">
        SELECT * FROM tag
        WHERE user_id=${uid}
    </select>

    <update id="updateTagName">
        UPDATE tag SET
            tag_name=#{tagName}
        WHERE tag_id=${tagId}
        AND user_id=${uid}
    </update>

    <insert id="bindNoteToTag">
        INSERT INTO tag_note (
            tag_id,
            note_id
        ) VALUES (
            #{tagId},
            #{noteId}
        )
    </insert>

    <delete id="deleteNoteFromTag">
        DELETE FROM tag_note
        WHERE tag_id=${tagId}
        AND note_id=${noteId}
    </delete>

    <select id="getNoteIdFromTag" resultType="java.lang.Integer">
        SELECT note_id FROM tag_note WHERE tag_id=${tagId}
    </select>

    <select id="findTagByTagId" resultMap="TagEntityMap">
        SELECT * FROM tag WHERE tag_id=${tagId}
    </select>

</mapper>